{"cameraMode":{"drawMode":0,"name":"Shaded","section":"Shading Mode"},"sceneLighting":false,"audioPlay":false,"sceneViewState":{"m_AlwaysRefresh":false,"showFog":true,"showSkybox":false,"showFlares":true,"showImageEffects":true,"showParticleSystems":true,"showVisualEffectGraphs":true,"m_FxEnabled":true},"in2DMode":false,"pivot":{"x":-0.14061953127384187,"y":1.2283567190170289,"z":-1.7080916166305543},"rotation":{"x":0.014808397740125656,"y":-0.9505773782730103,"z":0.3069264888763428,"w":0.046274781227111819},"size":1.874910831451416,"orthographic":false}