{"cameraMode":{"drawMode":0,"name":"Shaded","section":"Shading Mode"},"sceneLighting":false,"audioPlay":false,"sceneViewState":{"m_AlwaysRefresh":false,"showFog":true,"showSkybox":false,"showFlares":true,"showImageEffects":true,"showParticleSystems":true,"showVisualEffectGraphs":true,"m_FxEnabled":true},"in2DMode":false,"pivot":{"x":-1.156682014465332,"y":0.09025692939758301,"z":0.6400359869003296},"rotation":{"x":0.2540978789329529,"y":-0.48248377442359927,"z":0.14869435131549836,"w":0.8250408172607422},"size":1.6401138305664063,"orthographic":false}