{"cameraMode":{"drawMode":0,"name":"Shaded","section":"Shading Mode"},"sceneLighting":false,"audioPlay":false,"sceneViewState":{"m_AlwaysRefresh":false,"showFog":true,"showSkybox":false,"showFlares":true,"showImageEffects":true,"showParticleSystems":true,"showVisualEffectGraphs":true,"m_FxEnabled":true},"in2DMode":false,"pivot":{"x":0.8595558404922485,"y":-1.2220990657806397,"z":-8.499422073364258},"rotation":{"x":0.02642829157412052,"y":-0.9668463468551636,"z":0.11249694228172302,"w":0.22803115844726563},"size":9.655648231506348,"orthographic":false}